,sadness,anger,love,surprise,fear,happy
0,feel,feel,feel,feel,feel,feel
1,know,get,really,curious,bit,time
2,ive,want,people,weird,still,would
3,life,one,sympathetic,shocked,want,little
4,much,offended,little,bit,terrified,love
5,back,still,would,feels,frightened,could
6,right,ive,nostalgic,remember,vulnerable,way
7,cant,insulted,loyal,back,overwhelmed,also
8,say,violent,could,around,back,today
9,see,right,feels,want,reluctant,made
10,days,dangerous,fond,go,intimidated,got
11,also,selfish,never,trying,see,never
12,many,distracted,towards,make,threatened,bit
13,every,love,many,started,feels,come
14,lot,day,say,help,help,ever
15,said,wronged,made,face,started,anything
16,devastated,rebellious,family,quite,pretty,confident
17,makes,person,heart,without,find,ok
18,shitty,stubborn,person,saw,doubtful,family
19,quite,towards,today,might,sometimes,said
20,discouraged,stop,help,though,look,comfortable
21,ever,pretty,part,never,new,perfect
22,thing,anything,trying,found,well,world
23,trying,nothing,hand,someone,remember,accepted
24,isolated,another,tell,kind,many,keep
25,rather,grouchy,year,man,everything,may
26,homesick,first,already,child,times,ill
27,ugly,thinking,old,came,night,thing
28,end,well,started,used,first,sincere
29,humiliated,thing,thinking,come,others,creative
30,hated,give,show,knowing,starting,without
31,href,home,morning,id,horror,morning
32,crappy,face,particularly,hear,looking,productive
33,better,might,used,sort,ill,assured
34,blank,start,child,else,enough,long
35,completely,anymore,stop,since,read,calm
36,year,others,www,sit,friend,let
37,fake,us,live,yesterday,id,end
38,night,next,done,absolutely,everyone,years
39,tell,able,blog,puzzlement,book,resolved
40,ungrateful,extremely,hands,thats,friends,point
41,let,year,slutty,already,next,must
42,blog,women,decided,nothing,keep,honoured
43,foolish,past,next,bewi,alone,id
44,past,husband,hair,somewhat,began,nothing
45,read,fact,working,soon,probably,reassured
46,body,class,trust,maybe,old,finally
47,used,indignant,lives,song,body,everyone
48,another,happened,yet,stood,asked,wanted
49,great,eyes,emotions,watch,worried,went
50,done,wish,end,given,woke,fantastic
51,unpleasant,blog,realize,post,control,whole
52,thinking,annoyance,story,give,ago,job
53,mother,particularly,community,wake,close,often
54,disillusioned,starting,wont,finally,thoughts,delighted
55,least,completely,night,weekend,else,maybe
56,man,parents,needed,seems,sit,wear
57,grief,book,leave,dream,young,particularly
58,wrong,girl,sort,however,sleep,almost
59,kinda,room,found,happen,bed,matter
60,taking,post,truly,happened,certain,keen
61,woke,ill,eyes,state,lost,decided
62,cause,sorry,characters,boy,best,style
63,far,behind,sex,realized,seems,energy
64,head,full,mother,somehow,happy,change
65,part,job,kiss,gave,took,somehow
66,admit,spend,kids,thoughts,girls,excitement
67,happen,honestly,hear,free,came,ask
68,weepy,kinda,call,aware,somehow,definitely
69,seems,suddenly,house,understanding,seeing,half
70,wish,totally,experience,delighted,shes,woke
71,sadness,reasons,wanting,older,seem,living
72,instead,believe,spent,silence,needed,starting
73,wake,young,knew,past,wear,entertained
74,upset,miss,telling,situation,front,husband
75,side,became,whether,part,full,instead
76,neglectful,buy,death,music,decided,run
77,oh,feet,movie,needs,voice,ways
78,turn,hair,energy,connect,horr,exactly
79,absolutely,oh,meeting,certainly,order,seems
80,move,single,says,creature,second,guy
81,yesterday,bed,large,dark,together,comes
82,music,yes,comfortable,door,phone,elegant
83,emotions,choice,christmas,done,middle,needs
84,behind,ready,wrote,shit,mom,students
85,father,disappointed,women,closed,taken,however
86,theres,certain,weight,nonplussed,smile,totally
87,gone,amp,lips,smile,among,country
88,second,father,connection,stopped,strength,took
89,soon,fall,recall,audience,play,trip
90,sorrowful,extra,true,loss,caused,simply
91,whenever,mine,truth,gonna,slowly,couple
92,resigned,talking,offer,main,months,month
93,constantly,several,flower,tad,question,yesterday
94,news,answer,afraid,laughed,husband,fearless
95,despair,goes,group,usually,guys,hair
96,husband,movie,control,end,weak,incredibly
97,food,generally,shes,frowned,women,fairly
98,seemed,whenever,men,film,telling,books
99,list,fun,summer,begin,expression,warm
100,couple,equally,knowing,handed,short,set
101,nice,walking,emotional,men,missing,supposed
102,true,state,create,minutes,notice,lose
103,dismayed,front,return,miles,number,certainly
104,wait,taken,understanding,young,support,turn
105,stuck,line,students,younger,date,couldnt
106,target,excited,product,complications,trip,project
107,beautiful,experience,breeze,forgotten,unprotected,anymore
108,phone,pictures,boys,currently,despite,fab
109,cut,happen,reader,conference,personal,cold
110,needed,top,brings,possibly,couldnt,spent
111,seen,watch,cannot,program,movie,boy
112,whiney,question,cream,pre,agitat,realized
113,voice,results,daughter,hospital,wall,yes
114,posted,terribly,credit,quality,eating,usually
115,free,tears,road,hands,events,delight
116,everyday,keeps,deeply,raise,terror,moving
117,boy,books,run,cost,cut,oh
118,trust,members,lonely,glycerin,view,race
119,studying,called,losing,related,exam,sad
120,chance,somehow,express,germans,students,whenever
121,guilt,minutes,awareness,gives,corner,human
122,future,using,amazing,importance,direction,focus
123,worked,older,gifts,crazy,opening,journey
124,rel,dad,fair,earthquake,ashamed,group
125,pressure,chance,american,normal,express,single
126,group,touch,leaves,mass,college,black
127,country,ignore,legs,manner,sat,hands
128,minutes,constantly,inner,doubt,talks,age
129,state,smile,falling,eyed,growing,wanna
130,desire,properly,fairly,eat,watch,evening
131,youre,move,beginning,month,sleeping,car
132,betrayed,recently,absolutely,enjoying,catch,goal
133,order,everyday,passion,name,keeps,looks
134,monday,support,happened,mild,beauty,act
135,although,looks,benefits,etc,losing,loving
136,moving,sadness,normally,evening,black,perfectly
137,losing,keeping,theres,low,crowd,presence
138,along,outside,third,films,red,except
139,lie,spirit,easily,personal,irritable,pass
140,negative,path,guilty,finished,whenever,beginning
141,moved,comments,grown,pics,half,situation
142,level,avoid,flashback,korean,comfortable,father
143,allowed,strong,sister,following,accepted,hold
144,deserve,shouldnt,journal,field,patients,walking
145,blah,sweet,short,disturbed,worse,touch
146,downcast,christian,series,longer,straight,posts
147,five,scared,gold,falls,breath,blogging
148,choice,church,garden,faster,spend,forget
149,paper,edge,include,lil,movement,case
150,finished,snobbish,shot,companies,negative,expected
151,letting,cr,healing,carried,draw,talked
152,assaulted,doctor,present,upset,thankful,accomplished
153,special,embarrassed,effect,unit,faith,author
154,straight,students,creative,sitting,truth,nervous
155,forgive,names,purpose,uncomfortable,thin,dream
156,pull,die,moms,slowly,letting,fully
157,decisions,born,pregnant,anger,foreign,ability
158,express,paper,direction,wanna,ass,tranquil
159,party,putting,door,waking,talked,songs
160,direction,hungry,onto,several,arent,ended
161,lazy,insincere,dark,shake,million,expect
162,brush,friday,fashion,vibe,thinks,version
163,fully,arent,levels,shoes,later,likely
164,character,wall,rhythm,tv,offer,local
165,walking,worried,latest,techniques,bring,freedom
166,illness,allowing,films,talking,amazing,bought
167,space,failed,compassion,stuffed,powerful,somewhere
168,stick,tongue,explain,behind,sent,media
169,treated,advantage,recipes,suffering,stare,late
170,episode,focus,relax,best,attempt,tears
171,conversation,treats,concerned,theres,horrible,handsome
172,complete,bottom,warmth,arent,sing,lead
173,expectations,rush,becoming,training,poor,sharing
174,knowledge,peaceful,vote,took,smoke,painting
175,super,joke,somewhat,tired,drinking,gotten
176,common,english,talked,throat,skills,answers
177,younger,brain,strength,chest,weekend,crap
178,guys,coffee,adventure,wouldnt,sins,turning
179,notice,empty,touched,agent,normally,allow
180,loneliness,meeting,st,written,fans,english
181,lay,treat,bought,combined,shopping,tree
182,daily,meat,throughout,action,alarm,easily
183,practice,finish,thighs,round,condition,exciting
184,dinner,unwanted,vacation,adding,ahead,growing
185,potential,sky,alot,guitar,core,education
186,possibly,news,blogs,athelstan,tad,currently
187,difficult,flower,suddenly,fandoms,teacher,yoga
188,grateful,apologize,wonderfully,guilt,loud,interest
189,edge,antsy,negative,ad,park,regret
190,watched,apart,pot,auditorium,fine,question
191,individual,short,nation,astonishe,travel,hit
192,disadvantaged,amount,potatoes,fi,style,hide
193,coffee,effort,terms,grown,gt,wondering
194,decision,viewers,edge,adf,depressed,service
195,age,visit,educated,articulate,experiencing,sick
196,nobody,truth,newborn,fattie,experience,cards
197,burden,sent,posts,fears,liked,door
198,mouth,charged,missed,asleep,beyond,stomach
199,heat,easy,dads,fell,quiet,subject
200,muscles,area,tone,hah,ring,emotionally
201,points,season,million,account,structure,hopefully
202,meaning,poor,cyber,exhausting,story,socially
203,perverse,refuse,mix,becomes,everyday,intense
204,amazing,lie,move,explain,presence,motivation
205,characters,gone,bank,handle,fitness,mouth
206,issues,yeah,ends,academic,twenty,soft
207,hit,action,dating,behi,restaurant,scene
208,leaves,remain,deserves,accessory,author,stage
209,regret,wouldnt,passing,accusation,rid,fashion
210,questions,explanation,parties,fa,sides,google
211,sweet,laugh,display,backstabber,intention,hearing
212,bear,everybody,distribution,gut,activities,purpose
213,details,possibly,talent,architectural,wedding,laugh
214,laundry,letting,surface,bank,depending,picked
215,friday,white,photography,explore,drawing,ought
216,none,episode,developed,barnes,picture,admire
217,cheated,purpose,diabetes,aches,hiding,bike
218,bookmark,adding,sympathy,bare,according,tiny
219,surprise,court,size,arcade,wide,city
220,events,till,begin,ambulance,officer,watched
221,rock,grand,officially,functions,picked,continued
222,rainy,rate,ds,ama,covered,average
223,maintain,north,duty,afraid,writer,wise
224,thankful,checking,teenager,analyses,tough,doubt
225,air,secret,overload,grandmother,attempting,dr
226,project,seek,ought,friendship,sexual,classes
227,dealing,showed,organization,frown,okay,dignified
228,harder,utterly,topics,affair,floating,changes
229,peers,prize,sunday,alive,wishing,stopped
230,process,senior,afterwards,alexandra,dismayed,weird
231,hey,youd,fully,allan,decisions,incredible
232,finish,younger,iframe,alarming,pass,makeup
233,experiences,shoulder,husband,getin,hated,meal
234,ludicrous,ran,generally,ageing,healing,lack
235,beside,answered,genuinely,gold,risk,wouldnt
236,test,price,interests,generated,opened,track
237,childhood,obvious,ish,ally,ear,grew
238,worry,wind,allowed,ang,cream,brown
239,thank,robin,interest,anymore,tense,common
240,posts,plenty,former,groceries,fucking,reached
241,overly,relief,informed,florida,valuable,involved
242,aware,rule,grill,grew,makeup,role
243,killed,picking,grandmother,grass,appearance,clothing
244,difference,community,hated,apprecia,form,program
245,apartment,weve,happily,fingers,religious,dressing
246,escape,hating,handedly,fishes,lead,drop
247,nasty,report,habit,adjoining,member,prayer
248,poetry,pick,womens,anne,leading,system
249,site,oil,wine,formed,blogs,meant
250,hopefully,wore,holiday,francis,problem,depth
251,toward,hug,addiction,adventures,beside,ran
252,opened,viewed,workout,angled,beneath,tad
253,leg,odd,helping,flung,lily,suggestions
254,selfish,accident,facing,fo,products,refreshed
255,mix,position,lover,adrasteius,exit,folk
256,spot,damaged,assume,fondness,sudden,transition
257,presence,gained,longest,blackberry,teaching,expression
258,vacation,considerable,fall,dad,prince,dealing
259,utter,circumstances,appreciation,dance,apartment,shirt
260,relatively,constant,mass,cx,grown,connect
261,effects,mild,tour,dated,hot,glass
262,winter,intention,meaning,daunted,range,terms
263,added,build,married,cubicle,effort,giant
264,shake,therefore,expecting,critical,hoping,trees
265,jesus,interested,australians,crush,require,pace
266,wine,intense,fire,cheerleader,holding,lit
267,marriage,ex,angeles,curled,buying,anticipation
268,breathe,inspiration,finish,chamber,copy,product
269,continues,tension,fit,departing,footing,vigorous
270,present,somebody,flashes,depressing,convince,review
271,lets,somewhere,flaws,deserted,brother,strangely
272,agai,ashamed,figs,desirable,knowledge,vote
273,treatment,fellow,legions,capture,hospital,seconds
274,hungry,jesus,valentines,demographic,minds,fucking
275,vote,lungs,layer,debate,policy,welcome
276,homework,majority,lapping,ch,brown,kitchen
277,google,stole,anniversary,ceo,horse,mentioned
278,works,ate,centered,deliberation,guardian,plans
279,hi,filled,gunong,chocolate,puts,masters
280,rooms,struggling,quickly,consequences,handled,effects
281,shape,kick,shed,consistently,political,sm
282,witness,master,race,constructions,deodorant,anywhere
283,crawl,market,rage,contemplation,printer,tune
284,minds,foods,puppy,continue,provocative,amazingly
285,causes,focused,publishing,creep,daisy,burden
286,pieces,light,california,compensated,dare,episode
287,carry,biggest,communicate,commented,plans,among
288,drowned,situations,smart,concerned,groups,laughed
289,easier,te,shit,comes,cover,dreams
290,size,follow,buddy,com,pregnancy,deserve
291,acting,betrayed,searching,cousin,prime,afterward
292,cuddle,lecture,boost,cranston,credits,holy
293,bringing,monday,rejected,crave,grits,history
294,christian,farmers,connecting,creased,darkness,adding
295,road,grade,reflection,chose,purpose,returned
296,perfectly,juice,reach,circumstance,earliest,crowd
297,ride,falling,concentrated,conversation,lock,foot
298,silent,kill,settling,cleansing,impressed,paying
299,ears,fairly,status,cooperation,immature,giddy
300,page,expecting,choose,corrected,listened,represent
301,note,planet,choices,civil,lightly,youll
302,families,pinning,split,booth,incense,partly
303,sugar,lucy,round,elections,explain,active
304,painful,deciding,student,boiling,episode,sea
305,pains,photography,review,boast,environment,greater
306,available,harmed,culture,blown,meaning,fitting
307,protect,lent,promised,boring,essence,online
308,properly,pieces,blogger,earth,machine,showed
309,strangely,provoked,cry,bowled,established,writers
310,task,gradually,profession,bothered,ice,david
311,exercise,harrassment,catholic,bought,introduction,breathing
312,therefore,pressing,skills,eighty,fellow,moved
313,toes,pray,amalgamation,equipped,keeping,industry
314,language,practical,bruce,bitten,fight,rough
315,wall,curse,flaccid,biology,island,prospect
316,thoroughly,literally,chunky,bigger,japanese,leading
317,calls,prayers,arouse,erupted,investigati,ha
318,village,lil,christmastime,enquired,extraordinarily,enthusiasm
319,player,limit,ambition,empty,leaves,enter
320,key,explaining,fishing,blogger,fabulous,sadly
321,inspiration,large,floats,endorsed,letters,encourage
322,terms,links,cocoa,engagement,labour,heroes
323,hitting,logic,assist,enlist,fascinated,goals
324,former,kingdom,fly,discussion,false,victory
325,theory,exchange,almond,disconcerted,enormous,homework
326,motivated,dammit,cock,discuss,offered,rid
327,junk,excitement,asasoulawakens,diseases,globe,scared
328,discovered,possibility,flavor,dissolved,operation,recognize
329,main,layer,failing,disappeared,observer,flying
330,beloved,load,asking,captivated,normal,serving
331,wearing,pop,asks,diapers,noticing,font
332,follow,pro,cliched,died,doctors,jeremy
333,desponden,madness,fateh,difficult,gold,fears
334,fog,nose,faster,dip,passed,realised
335,safe,noticing,fell,breaths,passport,warmth
336,flow,eaten,anticipated,dreamy,parallel,international
337,urge,nordern,appointment,brew,disappointment,included
338,bank,nobody,favourites,dry,panicked,exam
339,bar,morally,closely,dull,dig,camera
340,veins,nowhere,closet,bring,eight,arent
341,barely,humility,aoi,burgled,modern,bird
342,sake,disgusting,featured,dog,moral,seasons
343,gift,ocean,annoying,built,horses,relate
344,bat,miserable,angsty,brown,memories,quarter
345,permanently,education,clung,broke,empty,kinds
346,conflicts,nurses,filthy,statement,mindful,secret
347,session,doll,brooks,shivers,drank,sooner
348,carried,nations,finding,shes,nature,swim
349,severely,movies,clara,sex,neighbours,swimming
350,plans,dreading,clues,sip,higher,cricket
351,hence,mum,archdiocese,sin,hon,occasionally
352,update,inability,fantasy,significant,multitude,topic
353,hello,incident,architects,sets,muttering,mixed
354,charity,frau,ankle,schemes,green,steps
355,send,neutral,caught,screenwriter,trusty,poetry
356,sensitive,network,gop,sasha,childs,magical
357,mush,dunno,golden,semester,sickening,crying
358,received,doubt,cathy,sending,charge,lyrics
359,cool,needlessly,calories,section,arrived,admired
360,tourist,forms,grabbing,sir,checked,mix
361,abilities,gathering,graduate,spend,cautious,mystery
362,respond,january,girly,specifically,snob,animals
363,brings,hero,celtics,spamming,campaign,tone
364,writer,isnt,cell,sou,transport,naturally
365,abit,irrelevant,cd,standing,traumatic,mid
366,praise,higher,admiration,squinted,cash,merely
367,lil,paint,gladly,spite,sin,player
368,patient,period,glitter,smooth,visibly,coach
369,breathing,perform,careers,slow,anniversary,dishes
370,industry,healthy,cancer,skeleton,saved,patients
371,actions,manager,accept,snapping,schedule,individual
372,wallpaper,democratic,grooms,sooner,angels,forgive
373,realizing,favourite,guide,snob,routine,cream
374,collar,matthew,capitol,snp,comforted,swept
375,uncertain,intentions,according,rea,anywhere,movies
376,thin,messed,caress,readership,uncles,follower
377,habit,ellie,acne,rattlesnake,appointments,circles
378,private,midst,grave,realm,select,breaking
379,destroyed,discontent,greatly,register,citizen,phrase
380,release,discouraged,careess,recorded,search,warehouse
381,lead,ordinary,grey,reciting,classroom,investment
382,political,encounter,adult,reid,begun,decent
383,lied,overwhelmingly,frankly,qa,strangely,traditional
384,confess,invest,gestures,pure,talent,mommy
385,workouts,member,allah,psycho,stories,sewing
386,petty,interesting,ali,range,questioned,motor
387,previous,oscar,french,rain,teddy,flight
388,clouds,granted,alfred,rachel,sticking,survived
389,closure,ugly,forum,reilly,suspect,surprise
390,disrespected,serious,followers,robert,blah,finishing
391,minimum,settle,buns,rolled,suffering,concerns
392,presented,semi,forever,rhythm,suspense,rushed
393,president,understands,forgets,ruefully,blogger,reveal
394,pants,section,form,running,bobby,grasp
395,chaotic,cheap,cheer,rubble,bell,nutrition
396,gas,sexual,aj,review,thumbs,hole
397,mirror,trapped,gaze,rent,tighter,hitting
398,code,causing,buying,remembered,awesome,bank
399,contribution,cashier,byes,released,threw,ridiculously
400,papers,tragic,chalice,returned,tmr,options
401,committed,shared,adults,result,bush,outdoors
402,corner,sheer,chabad,resign,throughout,overcome
403,pool,trouble,funds,representative,tend,row
404,corps,trees,busting,visual,states,code
405,muscle,clouds,fulfilling,viewing,texts,acceptance
406,pops,rose,funny,verging,thanks,reaction
407,politicians,valley,busy,vivre,ball,nicely
408,returned,vacation,gamer,washing,brings,nine
409,mr,script,afternoon,walking,cherry,schedule
410,reaching,ridiculously,dizzy,wailing,compassion,classic
411,cruel,viewer,disturb,values,xmas,wah
412,peaceful,clutch,dissipated,twitter,airport,blogger
413,dear,uses,cough,tutor,remind,nobody
414,dating,christine,dormire,tummy,actions,satisfaction
415,cheered,scheme,bengals,vaguely,wig,honor
416,prior,apathetic,domain,unwillingly,raised,respond
417,climbed,annual,covered,unison,controlled,notes
418,replaced,rushing,blowing,wasting,afterwards,parenting
419,crisis,clarify,dip,wot,wonderful,pants
420,mixed,safe,disappoint,wowed,references,ache
421,representative,traffic,besides,witnessed,realising,somebody
422,disconsolat,beating,countless,yearn,realise,evident
423,rescue,becuz,dislike,yesterdays,councillors,alot
424,path,bookmark,driven,yard,voiced,possibility
425,quote,talks,drives,wit,11,alternative
426,crossed,barrage,begging,welling,vision,solemn
427,represents,stab,drops,wednesday,quick,smoke
428,favor,temper,dublin,ways,whereas,explored
429,status,stars,dun,windows,fandom,differently
430,adjust,behaviors,contrary,willing,fascinat,butt
431,trail,sudden,drake,wi,achieve,political
432,gross,sum,dramatic,whiney,fate,directly
433,werent,bizarre,belonged,susceptible,fetch,strategy
434,touched,bloody,coppers,surf,banana,learnt
435,birth,table,bellingham,summer,account,st
436,wednesday,swimming,dressed,swaggered,gooseneck,whisper
437,waited,swung,begins,talented,baggage,angel
438,stoned,sip,cruise,swarming,ffxi,easier
439,blanket,attended,dearly,sweat,feminist,spoke
440,breast,todd,dealing,stop,acronym,en
441,hung,tip,crotch,store,awareness,amazed
442,electric,slide,define,steps,action,cared
443,arguments,town,dedicated,strangely,avoided,engagement
444,fifteen,skills,decisions,submit,feat,centre
445,appropriately,slacking,dave,studio,federal,standards
446,trips,avoided,cynical,stride,attending,driven
447,stack,thin,blinded,ts,fathers,struggles
448,leading,theyve,curtains,touches,goldilocks,cheaper
449,sports,brilliant,damned,tools,aubrey,wave
450,spiritual,spoiled,dare,todo,attributed,sisters
451,artist,burn,blake,trusting,aching,derby
452,binge,someway,bite,trigonometry,basement,january
453,forgiveness,soooo,craft,treat,belle,ass
454,tag,bull,desserts,tips,belongings,kava
455,fabric,content,despair,terrible,23,license
456,injury,counting,devotions,testimony,believing,historical
457,swear,admiration,diagnosed,teacher,gradually,hill
458,thinks,affect,bgr,thos,grandmother,levels
459,intense,regards,creativity,thousands,beijing,apparent
460,techniques,ward,denounced,tho,benjamin,virgin
461,interacting,countless,delicous,providing,existed,machine
462,instructions,regarding,creativecommons,laura,19,rang
463,taught,company,blond,latter,exhilirated,pound
464,expecting,concern,descriptions,landscaping,exert,responses
465,affect,worthy,designed,le,bert,balanced
466,justified,related,dynamic,letter,expecting,homemade
467,attribute,conflicted,evident,leader,1978,lungs
468,weary,contin,ba,leaning,gratitude,americans
469,website,readers,everybody,jumping,facing,base
470,inclined,raised,comings,justin,basket,bars
471,julia,wednesday,avoid,julia,bastard,presentation
472,jeans,cow,example,kicked,absolute,absence
473,behavior,covers,brahmavamso,label,accomplish,michael
474,author,coupled,compare,knittin,barbeque,pretentious
475,throwing,vomit,babsbrisbane,kitchen,gospel,metal
476,individuals,religion,compile,lifestyle,accessible,invite
477,dramatic,comeback,compagnon,mad,extension,owner
478,sea,reviews,etc,lumbered,abilities,pictured
479,agony,wr,events,lost,abbigail,preparing
480,lunch,relax,excitment,marriages,beds,heres
481,agonized,responsibilities,fabulous,mare,bauer,lifted
482,dress,abit,extended,management,battle,mindset
483,male,cousin,extra,longevity,beach,ol
484,grand,consideration,atomic,link,beacuse,heavily
485,grade,factor,facebook,listen,gears,hoo
486,drown,bagshot,faceplate,lightheaded,francesca,imagining
487,sensation,bal,expression,loch,frail,julie
488,downhearted,achieved,autistic,log,fragments,relatively
489,achieved,fads,colouring,loaded,apawa,jump
490,sibling,faith,exes,journeys,antagonism,religion
491,flat,awaits,bread,humanize,anticipation,instance
492,seconds,aunt,austin,howling,freakishly,address
493,scott,augu,aunts,hospitals,apaya,march
494,dry,adam,epiphanies,hoped,application,king
495,education,feauture,bosom,ideas,appointment,materials
496,frightened,fed,born,hymn,approaching,aspect
497,celebrating,fearful,conservative,hurriedly,formal,quicker
498,center,farrow,beasts,helen,apgujeong,matters
499,horse,fandoms,confusing,heads,apoplectic,autumn
500,americans,glanced,beachy,hardships,agreed,importance
501,smiles,ayan,consideration,helps,forth,woods
502,gratitude,farm,easier,homelessness,funk,include
503,accomplished,avery,considered,helterskelter,allah,volunteer
504,financial,givings,earle,herman,americans,laurie
505,losses,fangirls,consumerism,invitation,fulfilling,intensity
506,apart,beirut,editor,island,ambassador,medium
507,merely,execute,educators,intoxicating,alright,laying
508,loner,excommunicated,emma,itd,gamblers,vocal
509,cd,beluga,ballet,johnny,gain,rally
510,floo,exercising,condemning,jerked,analyzing,research
511,crime,gooch,energetics,jaded,alcohol,wished
512,inevitably,behaving,entertain,immensely,gazed,island
513,cried,bein,complicated,incoming,anonymous,pasta
514,outings,bernice,entries,impressing,gatorade,network
515,foggy,binds,endorse,impaired,andover,peter
516,heartbroke,biochem,empty,integrated,frugal,mama
517,creep,50,condescending,insatiably,gaseumi,lashes
518,phrase,bike,botanical,ini,apraxia,largely
519,guilted,grabbing,base,masochist,fishbane,hurting
520,eyelids,abandon,encounters,pennington,fired,throwing
521,getaway,bi,conditioned,peculiar,finland,talent
522,heels,examples,zumba,paul,assessment,classy
523,deadpan,barbie,silver,performance,flapped,flavor
524,phones,extend,sign,physical,assassinated,unlike
525,perpetually,accompanied,sidewalk,perspi,flake,determination
526,cutting,exposures,shy,period,assembled,bread
527,famil,accomplishment,simplicity,overtake,glimpses,bridesmaids
528,ideals,ballater,slight,outfit,assured,ends
529,genre,accounts,slats,organizational,asylum,tackle
530,hometown,eyesight,sinfully,packs,fiercly,breast
531,homeschooling,exit,site,parked,fills,determine
532,ian,experiences,singing,padding,glc,corner
533,curious,gods,sh,pages,finances,toddler
534,hugs,becuase,setbacks,press,filmmaker,tuck
535,cursing,experiments,september,prick,advantage,technology
536,customer,accessories,senpai,presence,exercised,semi
537,finals,accepts,seed,privileged,afp,taylor
538,passenger,bbc,shifted,proposed,afford,flip
539,immense,fedotenko,shock,professionalism,argument,flowers
540,dan,gardeners,shifty,proclaiming,georgia,seven
541,highest,annoyingly,shells,pipkin,german,boost
542,paintings,anonymous,shares,playroom,areas,crossed
543,increase,answers,slow,plane,arrangment,uncertainty
544,flipped,gallows,starters,pissed,flinched,tournament
545,forehead,francs,standing,pounds,ashi,bridge
546,panicky,afterward,squire,por,ashley,buried
547,impact,anipike,spray,pooley,flaunt,trainer
548,hmmm,forgo,statement,option,affecti,ethics
549,impossible,apologizes,stoner,momentary,flowered,december
550,hits,folds,stinging,monster,flop,childhood
551,fatigue,apparent,sticky,missed,flooding,chill
552,fits,apc,stealing,mourners,collar,sucker
553,ect,antoinette,sponsors,moved,collection,facing
554,load,foodie,someday,mothers,coincidence,brothers
555,muse,foolish,soil,miracles,dentis,curl
556,musical,attach,splash,memorized,collapesing,cuddling
557,lonel,allen,snacks,measure,desolate,significantly
558,motivation,ahaha,sls,mcshane,designers,sides
559,lowest,fruit,spite,minor,deserve,christians
560,loud,alexis,speech,million,code,entrance
561,dig,fumes,speak,michaels,demanded,fair
562,lif,alaska,sought,mentioning,define,sip
563,elite,album,sooo,obstacles,commonplace,sink
564,embarrass,fury,rememberiing,nuts,defeated,formula
565,embracing,friar,religion,nowhere,deepened,duties
566,naught,freezing,related,occasion,combine,gold
567,links,freaked,reject,ology,delusion,tight
568,limited,aggression,register,occasional,delights,celebration
569,elated,amazed,reread,occupation,commies,sales
570,elections,agony,reshaped,neighborhood,dejected,utter
571,misery,friggin,rereading,neil,dinosaur,sauce
572,goodness,amish,republic,nature,cinema,girly
573,download,admitted,removed,neva,cities,sans
574,moan,asset,seal,norm,diminish,concern
575,miscarriage,assimilated,rated,noah,difficulty,dropping
576,ditched,fiction,rank,niba,disjointed,roll
577,million,files,rafinament,,disguise,trick
578,disrespect,asciatic,quilts,,disconnected,colour
579,minor,adopted,reaches,,christianity,handling
580,frequently,aslef,redesign,,difficulties,beating
581,magnificent,gfs,recognize,,determine,rule
582,french,address,receiving,,clinique,beef
583,duties,gil,realizes,,clinton,trimester
584,drastically,atiqah,responsibilities,,clos,centered
585,disdain,gifts,satisfactory,,devastated,discomfort
586,march,feverishly,sang,,claw,continues
587,discovery,fester,save,,cleaner,contest
588,legal,atell,safety,,diaby,tender
589,johnny,finest,rylin,,devices,score
590,everybody,flighty,seagulls,,biology,seams
591,jaw,gender,scratches,,convention,fortunate
592,occurred,apprehensive,scenes,,convey,board
593,joys,geez,scar,,convoluted,telephone
594,numerous,fluid,savingyourmarriagebeforeitstarts,,credit,television
595,demoralized,flow,revered,,contentedly,tip
596,obese,floats,ridiculously,,cup,genius
597,guidelines,adverts,reversed,,cubicles,biofuels
598,introduce,arrangements,revamped,,crunchy,doodle
599,forgiven,adventurous,retain,,crowe,dedicated
600,explode,arrogance,river,,correspondingly,disappear
601,opposition,adventure,rugby,,costume,messages
602,invaded,generated,roslin,,correction,desperately
603,itll,generic,romantically,,councilman,massage
604,officially,genre,roles,,craaaaaaack,checked
605,irish,fist,straight,,cop,dot
606,essential,coach,verses,,crawling,mildly
607,encouraged,description,vendors,,cops,declaring
608,labor,dersingham,vase,,cramps,meat
609,designer,deranged,value,,contaminati,decorations
610,engaged,depressants,vibrate,,conce,devil
611,emptiness,developed,vulnerability,,de,demise
612,nerve,detested,voldemort,,concepts,memoir
613,lbs,detailed,virtually,,daunting,aiming
614,empathize,destined,views,,conducting,dirty
615,description,cluster,utopia,,competing,distinction
616,girlfriends,delegates,unearthly,,completed,deli
617,grumbled,defreitas,underneath,,debate,menu
618,depends,comparing,unforgettable,,complicated,devotees
619,nowhere,compere,ugh,,constitutional,cheers
620,depressive,deemed,tyler,,cynical,marvelous
621,fortunate,depend,urge,,cutbacks,mature
622,entertains,dennis,uploading,,consulted,batch
623,northern,comm,unsurprisingly,,contacting,climate
624,consisting,deluxe,unknown,,dash,climbed
625,unkind,delighted,unhealed,,conflict,novels
626,unity,discuss,worked,,dam,conservative
627,tantrum,discovered,worst,,consistent,numbers
628,clarity,christ,workers,,chipmunk,conscious
629,requests,disco,wooden,,enabling,counter
630,slowing,discarded,wispy,,employ,cleansing
631,slipping,displayed,wandered,,emotion,acquaintances
632,republicans,chick,yummyy,,eminent,clearing
633,bars,dismiss,york,,brazil,controlling
634,tango,disgruntled,yearned,,bower,noise
635,reviews,disdain,wwii,,energies,opposition
636,burger,clapped,willy,,boyfriends,commitment
637,choir,clearboth,wed,,brandy,opportunities
638,ridiculous,dick,weariness,,bounces,confused
639,uhuru,dialog,watchers,,bt,ordinary
640,unexpected,devoured,warns,,elastic,comeback
641,circus,disappear,weird,,bud,coats
642,circles,directors,wilder,,buffy,conclusion
643,retreat,directed,whose,,elusively,october
644,reveal,dinn,whisper,,briant,comprehend
645,remembering,digust,whilst,,elsewhe,oils
646,combined,contributions,twitch,,eliminate,accessories
647,recall,convinced,taboo,,bruis,countries
648,alittle,cookie,symptoms,,examine,mojo
649,van,cooperative,talented,,blinding,damaged
650,albums,crocs,swallow,,bleh,aesthetics
651,aim,curiosity,supporters,,blush,cycling
652,brand,cultures,tempted,,blending,churches
653,commit,continuous,temperatures,,biomedical,churchill
654,rare,contribute,teases,,excitment,mixing
655,reddit,cruel,teachers,,blanche,debate
656,clue,creativity,tanning,,exceptionally,mislead
657,relax,creased,strive,,boil,misplaced
658,alleviate,craving,stubborn,,entry,chore
659,slumped,crampy,strokes,,entertainment,misty
660,closed,crabs,strict,,entail,nerves
661,refer,corners,strategic,,ensue,nap
662,reflecting,coroner,subjects,,boisterous,additional
663,upstairs,costume,sunrise,,european,coz
664,smoking,counter,sulfate,,bombing,addiction
665,smart,creep,sucking,,bondmusings,neglecting
666,scenario,condone,subscriber,,equal,craziness
667,athelstan,deactivateing,tv,,dollars,downstairs
668,atlanta,conducted,trail,,censored,crunch
669,canada,dats,town,,doha,crowded
670,screw,dashes,tougher,,chairman,admiration
671,assignments,decode,torment,,dlpt,crew
672,shelf,decis,transformation,,drafted,claim
673,asshole,concepts,tumor,,catheter,boobs
674,sharp,debris,trudgers,,celebrate,boot
675,assume,conclusion,tromping,,dose,flowy
676,attempting,constipated,trees,,chambers,flac
677,semester,cyberspace,tootsies,,disregarding,infrastructure
678,tickling,consultant,thoughtful,,disqualified,austen
679,tinge,custom,thia,,chicken,incorporate
680,separated,contemptuously,tons,,childine,illustrators
681,seven,confined,tgirl,,cheating,avoided
682,thrillers,confront,tensions,,divert,formed
683,seasons,dana,toned,,disturb,bonuses
684,secondary,connections,toilet,,distraug,forcing
685,seed,dabbed,tingly,,distinctly,football
686,shirley,breeders,tilt,,dragging,downtown
687,root,enacting,throne,,button,festivals
688,approval,brew,korean,,caba,invitation
689,checked,emphasis,kneels,,dusty,involving
690,tube,briefly,kissed,,calming,ironic
691,cheers,enmayi,killing,,bump,athletic
692,silence,brad,keys,,effect,fate
693,appeared,engagement,lashes,,edouard,introverts
694,applying,enemy,lauper,,bundle,instructions
695,strike,breach,lasted,,buried,fireplace
696,romeo,elevate,lapped,,dressed,bowl
697,trials,elderly,lama,,carnage,financial
698,thai,bunnies,iphone,,duchess,file
699,sandpiper,eh,jensens,,cases,ignore
700,treat,eggs,jazzyboy,,cared,greatly
701,shirts,broadening,jake,,drunkenly,bands
702,safety,brooding,israelites,,driving,beginnings
703,rut,btw,joeys,,driven,grab
704,trivial,emails,kamen,,capacity,highest
705,saddest,eloquence,jungle,,greg,behaviors
706,sadnes,blo,jrock,,sino,heaven
707,suggest,eve,jokes,,skelton,handmade
708,prisoners,evaluation,leader,,skipping,hardest
709,bomb,ev,male,,silent,beast
710,spread,ethiopia,magical,,sigil,beaten
711,proces,evidence,mankind,,sickened,beats
712,contain,blake,lunchroom,,slapped,barman
713,contagious,everchanging,luke,,smoker,gate
714,actors,blended,mattered,,smelling,gaining
715,produce,eventual,masters,,smack,hunt
716,conservatives,enviously,martin,,slobby,blessing
717,borders,envelope,market,,slink,hypnosis
718,consciously,bottling,margaret,,slave,freshness
719,pleasantly,bouncing,lies,,severely,gas
720,yearning,bowel,lines,,setups,belonging
721,bi,este,lifestyle,,sexually,glances
722,western,boil,leonard,,services,bah
723,pleasure,esily,legitemately,,seriousness,backyard
724,accommodate,er,lit,,sergeant,german
725,abyss,epileptic,loser,,sensitized,babys
726,poorly,chained,loneliness,,shiona,fascinated
727,stated,challenging,locate,,shorts,cashier
728,stanley,dorks,liz,,shoppers,embraced
729,wore,changer,quenched,,shines,emails
730,cooped,domestically,hindrance,,shielding,limited
731,cookies,caution,highschool,,shells,lined
732,prayer,cecilia,hi,,shared,lipsticks
733,presentation,celebration,hermione,,starter,apologise
734,absence,censorship,hits,,stati,capturing
735,wronged,centre,hopefully,,steamy,lenses
736,preparation,chasing,honey,,stands,appeal
737,stairs,check,holy,,staked,cars
738,ached,dissipat,hogmanay,,src,encouraging
739,contracted,dissassociated,held,,spreading,ela
740,welling,disqualifications,harmful,,stuc,dun
741,stream,doingaone,happier,,stroll,lousy
742,sorro,characteristic,harper,,strick,drivers
743,surrounded,divine,hacking,,stink,ltr
744,survey,distress,gut,,stored,drawings
745,soup,distortion,heel,,stolen,drained
746,conclude,calf,heaviness,,spray,causes
747,waking,easiest,heard,,sorrowful,announced
748,connected,ears,headspace,,songy,lj
749,pig,cammie,haunt,,solutions,easter
750,radiation,cancelled,induces,,sold,earning
751,violent,busking,info,,socie,cdn
752,sombre,butter,inevitably,,soaked,dvd
753,zombie,edit,indiscriminately,,soulation,assist
754,cranky,caged,indeed,,splashes,justify
755,ages,cake,hotel,,spilt,kay
756,competition,ducking,intr,,spencers,learns
757,waits,drunk,interact,,spectrum,experimenting
758,stole,carrying,intense,,spark,killed
759,adults,casually,insdie,,source,juices
760,conflict,drily,inanimate,,queen,fandom
761,weaknesses,dvd,hurts,,rely,jersey
762,planning,capp,hungry,,remarkable,ji
763,believers,dun,humility,,removing,joining
764,prospect,careeeeee,hovel,,release,jones
765,bladder,duet,ica,,rejuvenated,builds
766,behaviour,skellington,impressed,,regulations,exhausted
767,span,skips,immune,,repaired,campus
768,bigger,slave,immense,,resisting,april
769,bioware,sixth,image,,residence,er
770,biblical,signals,matters,,requires,environmentally
771,bfd,simultaneously,pink,,reprimand,apprehensive
772,awoken,sirens,pieces,,reported,application
773,autistics,slip,pissed,,repeal,excuse
774,betraying,snapbacks,phase,,rapture,byron
775,epithets,sneha,perspective,,raped,article
776,awed,snotface,politicians,,razor,exchange
777,facial,slit,plus,,ramsey,evolve
778,envelope,slur,platonic,,raids,land
779,equipmen,smiled,planted,,races,000
780,eyeglasses,sifted,plane,,quirky,sublime
781,err,sessions,park,,record,scratch
782,awe,sexually,passes,,reflect,script
783,bf,shafted,parker,,reduc,subsequently
784,beliefs,seoul,parallels,,reconciliation,scissor
785,exercised,segregate,panic,,recognised,secrets
786,eventuallythe,selfishness,permission,,receiving,police
787,excruciating,sensible,perfumed,,reassures,pompous
788,exhibition,shooter,per,,sauna,pool
789,expectation,shouldve,pence,,scare,stumble
790,exorcise,shutting,pedestrian,,scent,praises
791,evenings,shoelace,pollution,,saturday,sundays
792,exclaim,shaw,promises,,sandwich,prime
793,examples,shoe,program,,sam,usa
794,exaggerating,shivering,produce,,sailo,sample
795,evey,sob,printing,,sensation,suppressed
796,evoking,steely,proper,,seldom,saudi
797,autism,steps,puteri,,seeking,succumbed
798,battling,stiff,pure,,sciences,sudden
799,bearable,squeals,protection,,scrunching,sugary
800,exception,stairs,psyche,,scott,prescribed
801,belmont,stares,protein,,sage,strongest
802,bert,stilted,powerful,,rings,wet
803,exponentially,strolling,pound,,ridiculously,shirts
804,estrogen,strikes,possesive,,rewrite,shines
805,exploded,studio,porcelain,,revalidation,shelter
806,espresso,stopping,pony,,retreat,pillow
807,backpacking,stolen,praying,,restlessly,shorts
808,baked,storming,pressed,,rld,perspectives
809,baileys,squeal,presented,,rustling,wholeheartedly
810,benefices,soothe,prep,,rumour,whispered
811,barbie,soundly,precise,,rubbish,shouting
812,europe,south,morsel,,rouge,pin
813,barefoot,sparkle,ms,,rolls,warned
814,eve,soda,mostly,,robert,plight
815,bedriacum,sole,moonbeam,,studying,striking
816,eternally,solves,mondays,,vegetables,plusone
817,eternity,spilled,network,,vent,wagon
818,ethnicity,splurge,needless,,versus,stretching
819,falsely,spray,naught,,valerie,sharp
820,formed,spider,nap,,ushering,wealth
821,advance,speaks,mystified,,urging,strengthen
822,advertised,spicy,molina,,vey,plant
823,advertising,spelling,mic,,vows,ups
824,forelorn,resident,messages,,visitor,resist
825,forms,regimented,memorized,,visable,rear
826,addicted,regulation,medicine,,violinist,reasonable
827,fraction,relate,microsoft,,vigilant,required
828,founder,recou,modern,,vibrations,recall
829,addressed,redeem,mixer,,uncontrollably,safely
830,admiring,referee,miracles,,uncommon,revealing
831,affects,relations,mindset,,underground,rate
832,alan,reportedly,neither,,unbearably,raw
833,albuquerque,replacement,organise,,umpire,react
834,alert,resented,opposite,,ubuntu,readily
835,alexei,reminds,original,,typed,referring
836,fluids,remedy,olivia,,unsatisfied,thursday
837,aiiiiighhhht,remotional,offspring,,unworthy,regained
838,affords,recorded,paid,,unusually,relentless
839,ag,racial,packaging,,unrest,rejuvenated
840,aggrandisement,raiding,overslept,,unless,throne
841,agonised,raise,overjoyed,,uninformed,recognised
842,folklore,rampage,osteopath,,unfortunate,replied
843,acumen,quarters,normalized,,wooden,traitor
844,82nd,questionnaire,notions,,worri,tradition
845,futile,quitter,nose,,wound,thrilling
846,abc,realization,nominees,,wonders,royal
847,abducted,rebecca,nicole,,wobbly,rounded
848,fulsome,reception,nude,,wisconsin,united
849,48,readily,ocean,,wildly,roommate
850,13,raphael,obligations,,zola,tags
851,1980s,reactive,oak,,youth,protect
852,1992,rd,nurture,,yell,professors
853,gandhigiri,resist,,,writers,ryan
854,33,salvaging,,,yall,swan
855,absoloutely,sapph,,,www,ruined
856,accustomed,sardonic,,,wihtout,rubbish
857,frequent,rudolph,,,website,teenager
858,acknowledgement,runnin,,,wd,teeth
859,freeer,ruth,,,wary,uber
860,freckled,sausage,,,warms,types
861,accusing,screwed,,,wanders,twitchy
862,abus,scr,,,waldo,teenage
863,fry,secure,,,weigh,tasks
864,academic,schindlers,,,whooooos,river
865,frown,scattered,,,whitlam,quarters
866,frilly,schultz,,,whiny,quick
867,fluffy,ruc,,,whereabou,uncles
868,arouse,rever,,,wets,paints
869,arriva,rewards,,,welfa,womanhood
870,feist,richar,,,twelve,stands
871,feelin,ridged,,,tapped,passersby
872,arugh,resolved,,,tarun,sinister
873,asians,resulting,,,taylor,silent
874,applebees,retrospect,,,takes,xd
875,appreciates,role,,,ta,sketch
876,apps,rosa,,,swore,smooth
877,araminta,routes,,,teachers,xmas
878,fictional,robyn,,,tests,painless
879,armoury,ringing,,,terrifying,pat
880,attain,robots,,,tent,sole
881,attitudes,robles,,,tempered,starbucks
882,fare,wa,,,teenage,windows
883,fandom,vaughn,,,technique,patties
884,audrey,venting,,,sucks,sponsor
885,australia,veterans,,,summed,sis
886,assault,upside,,,suffocated,smiley
887,assessments,usmleasy,,,sucking,stairs
888,associate,uuuugh,,,successful,wireless
889,assured,vibrant,,,subconsciously,wishful
890,fave,vision,,,stupidity,signing
891,atoshealthcare,virtually,,,swedish,sophisticated
892,amma,vowed,,,sustainability,squishing
893,flies,vigorous,,,survey,winston
894,amounts,vienna,,,superhero,soil
895,flawed,villain,,,surface,slump
896,anaestheti,upsetting,,,suppliers,teddies
897,flashback,undo,,,thankfully,teary
898,alt,unemotional,,,trajectory,elders
899,alls,unfit,,,transition,coo
900,alongside,unhappiness,,,travelling,spilling
901,altered,unacceptably,,,trailer,doraemon
902,alternative,unconsciously,,,traction,contaminated
903,flogger,underst,,,tower,tempting
904,aoa,unruly,,,treatme,temporarily
905,anthem,unsuccessfully,,,turns,container
906,antsy,unwelcome,,,tugging,consultants
907,apathy,unreasonable,,,tsa,tensed
908,fina,universal,,,trudging,consumerism
909,filmed,unrealistic,,,trolley,continental
910,fishing,unpopular,,,trial,telegram
911,fizzy,wading,,,touched,elegance
912,fitting,wonderfull,,,thugs,convenience
913,animal,wool,,,thrills,telephoned
914,anna,worms,,,threaten,elevation
915,finishe,windy,,,thomas,continuity
916,designed,winterson,,,thigh,contradictory
917,coldness,wising,,,therefore,teetotaller
918,dereliction,wouldve,,,tossing,effectively
919,deprive,youthful,,,tops,synod
920,colored,yikes,,,tomorrows,splitting
921,columbia,zjs,,,todays,tackling
922,coinfections,wrongs,,,tingles,talkative
923,cloth,wristwatch,,,timetable,crashed
924,clown,xl,,,tidy,crazily
925,cluttered,windows,,,knot,synced
926,coaching,waters,,,knee,crosshatching
927,coconut,wearied,,,korea,spoils
928,cog,website,,,kindly,crowds
929,comedy,weekly,,,kidnapped,swing
930,commuter,walls,,,kendall,educationg
931,companionship,waning,,,justin,cringe
932,complaint,warts,,,laughter,critically
933,complex,whispered,,,league,crampy
934,defiled,wicking,,,layout,egg
935,composed,willie,,,lashes,counselling
936,comforted,whirlwind,,,laptop,effortlessly
937,dependence,wept,,,land,taunted
938,commented,whipped,,,ladies,spinner
939,committee,whines,,,jake,eit
940,demonstration,terrribly,,,jar,costs
941,demanding,tak,,,jean,effin
942,determine,tame,,,jades,coward
943,chriss,tar,,,itemised,cr
944,directionless,swim,,,issued,tallest
945,ciaran,sxe,,,irma,tangles
946,dim,sympathy,,,jumping,tarts
947,differs,targeted,,,juggernaut,efficacy
948,claire,telephone,,,js,court
949,cherished,ted,,,jeremy,construes
950,discomforting,term,,,john,comfident
951,chiharu,taxation,,,jilted,threatening
952,disappointing,taught,,,leas,threads
953,disappearance,teac,,,mails,commentator
954,choccy,swift,,,mamma,thundershowers
955,determinedly,suggestion,,,management,endured
956,clingy,sulk,,,magi,thrown
957,devoid,sunlight,,,machiavelli,combo
958,clock,supersensitive,,,luftwaffe,soviet
959,development,submarine,,,maniacal,encompass
960,developer,succumb,,,maureen,companions
961,detox,suffocated,,,mate,enchanted
962,clarify,survive,,,massac,source
963,dies,suspense,,,marveling,endeavoring
964,diary,swapping,,,marking,sources
965,dian,surprises,,,manuscript,communicated
966,clerk,supporting,,,lover,colomn
967,devour,surpr,,,linesman,cluttered
968,compounds,surkov,,,lightning,coasted
969,currency,test,,,lies,coaxed
970,cornelius,trailing,,,levi,tightened
971,correspond,transpired,,,leopard,closes
972,cosmically,treassured,,,leers,tightness
973,cubicle,tooth,,,loui,cloudy
974,cruz,torturing,,,loser,tide
975,contributing,totering,,,lorde,sophomore
976,czech,trial,,,longest,tibris
977,convent,turkey,,,locks,sorted
978,convincing,tuck,,,loads,cocking
979,cuts,twoyear,,,livejournals,coelho
980,cuss,trunch,,,hmmm,coldsores
981,daiki,truck,,,hire,ticker
982,criminal,trut,,,hole,comparisons
983,crackers,tools,,,hilarious,confirming
984,creed,thi,,,heyy,confronted
985,creature,thk,,,hero,congregated
986,creativeliar,thrilled,,,helier,confess
987,craved,thrust,,,hovered,condescending
988,counter,tether,,,humping,conditioned
989,crunched,thanjavur,,,hugged,conducive
990,counts,themed,,,houses,textiles
991,crowed,tire,,,hostel,terminal
992,crossing,tizzy,,,hor,consolidate
993,criticised,toddlers,,,hop,constable
994,defence,tingling,,,guns,terpene
995,decisive,thyroid,,,habitual,conor
996,december,tin,,,hallucinations,consequence
997,congress,timer,,,guitars,conservatives
998,conqueror,josh,,,guest,concerts
999,dearly,ken,,,gross,emptied
1000,deaf,kickoffs,,,grey,completing
1001,compulsion,killed,,,heavy,compliant
1002,concentration,journal,,,heartburn,complement
1003,concrete,judges,,,headlamp,compassion
1004,condescend,justanswer,,,happiness,thesis
1005,deeds,kim,,,hastings,therapy
1006,confessed,labor,,,harmony,empathize
1007,contributes,kueh,,,hurriedly,thearchitecturality
1008,contained,laps,,,insecurities,concentrate
1009,contaminated,kj,,,inspected,concequences
1010,contented,kiss,,,inste,comradeship
1011,damper,knot,,,input,spare
1012,contraction,jot,,,injection,comprehensive
1013,contrast,invite,,,ingrained,compromising
1014,console,irish,,,instructions,edmontonians
1015,dawning,irritation,,,invitati,dickensian
1016,dates,investigate,,,invasion,staining
1017,darned,interactions,,,intricate,differences
1018,darkest,invaded,,,interviews,difficulty
1019,dared,introduced,,,internet,stadium
1020,bipolar,jest,,,inter,dezinesamaze
1021,brian,jeep,,,inferior,diagonal
1022,effeminacy,jia,,,implants,dianne
1023,brim,jcho,,,immense,dresser
1024,edwin,iterations,,,illusion,dire
1025,edmonton,jaguar,,,ie,stre
1026,edgy,jar,,,identical,disadvantaged
1027,elevator,lather,,,hyunjin,diminished
1028,election,luminaries,,,infamous,diminish
1029,elation,lying,,,indonesia,dried
1030,elaborate,magical,,,indicated,dinesh
1031,brat,lotion,,,incorporated,strode
1032,breakdown,loot,,,inch,sri
1033,eddie,louis,,,inactivity,du
1034,bunnies,mail,,,improv,dsl
1035,burned,maria,,,pile,stunningly
1036,burns,markets,,,pictured,descara
1037,eagles,martinez,,,piling,stupidity
1038,busier,maintaining,,,physician,desert
1039,buti,mallrat,,,petty,despondency
1040,ebony,manchester,,,persuade,detraction
1041,browsing,manipulkated,,,perpetually,detested
1042,bruised,leanne,,,played,strohem
1043,bulletin,legality,,,plumb,despondent
1044,bubbles,lenin,,,pleasing,sssas
1045,bug,leadingstrings,,,playe,strove
1046,eline,laug,,,plants,detergent
1047,blogpost,leading,,,planes,disappoint
1048,bloodshed,leaden,,,pissed,dpns
1049,blossoms,lipsticks,,,paranoiud,doc
1050,enchanting,lion,,,parisian,stationary
1051,blows,listens,,,partially,stew
1052,blunder,limitations,,,paralysed,distress
1053,engrains,liable,,,pale,stated
1054,bitched,lifes,,,padding,drafting
1055,blackened,lightly,,,package,sterile
1056,enemies,intent,,,peregrinos,donations
1057,engaging,heels,,,peninsula,dontt
1058,bliss,hellip,,,peers,doodlesandscrapsofme
1059,employmen,hemorrhoids,,,passing,doubles
1060,boot,hawed,,,pattern,dovercourt
1061,embittered,hausa,,,paths,dominating
1062,embarrased,headway,,,pointing,doubtful
1063,bouncing,henry,,,progre,dragged
1064,boutique,homosexuality,,,prone,stared
1065,elitist,hoops,,,proposal,dreaded
1066,bogart,horizontal,,,professional,disgusted
1067,bo,hertha,,,processing,discovering
1068,bod,hill,,,privy,disappointments
1069,bontoc,historical,,,prostitution,disc
1070,bombarded,hole,,,puzzling,discomf
1071,bombings,grit,,,purposely,dishwasher
1072,butter,grotesque,,,pummelled,drama
1073,dnt,growled,,,publication,dissolve
1074,diy,grinch,,,prupose,stirring
1075,divine,gratitude,,,prove,disservice
1076,centered,grin,,,primo,dismays
1077,distractions,grieving,,,pouring,disorders
1078,distances,harley,,,pot,disquiet
1079,cathing,hardships,,,positi,derek
1080,dominant,harmfully,,,porn,sports
1081,castle,happily,,,pool,supposedly
1082,celebrated,gullible,,,policing,easygoing
1083,cautious,hallucinate,,,primer,supporter
1084,doctors,hang,,,previously,ebony
1085,dissolved,intensely,,,pretend,cynicism
1086,dismantle,inevitable,,,presentation,daddys
1087,chase,influenced,,,prefer,daley
1088,chastised,informed,,,precise,dates
1089,disgruntled,incorrect,,,prayers,daunted
1090,discussing,inconvenience,,,morsels,davis
1091,discovering,incredible,,,moreso,daydream
1092,disregarding,infuriate,,,moudud,superpowers
1093,disruptive,instance,,,monmouth,supervisor
1094,disrupt,insult,,,momentarily,superman
1095,disney,intellect,,,modest,spouting
1096,changing,ingrate,,,misunderstood,surroundings
1097,disorientated,injured,,,musicians,cuffs
1098,cascades,insane,,,name,culmination
1099,drunken,insides,,,naega,cumbersome
1100,calle,hyperemesis,,,musician,sweatshirt
1101,cameraman,ibs,,,murmur,crunk
1102,campaign,identified,,,multiple,sweaty
1103,drill,hygiene,,,muay,cryin
1104,dressed,hows,,,metal,spooky
1105,dun,huvin,,,mere,suspension
1106,dusted,hurry,,,membe,cushions
1107,duno,impugned,,,metaphorically,surviving
1108,caffeinated,impromptu,,,meek,curated
1109,duluth,incen,,,mediation,swans
1110,dudes,impotence,,,metallic,suzanna
1111,candlelit,ignorant,,,miscreants,curtain
1112,carnage,immature,,,minist,daytime
1113,doucher,immune,,,mindset,duplex
1114,carries,massive,,,mildly,duo
1115,dosage,performances,,,midwest,submissions
1116,cars,permitted,,,mi,delays
1117,casablanca,persona,,,natives,deferring
1118,cara,pedretti,,,oncologist,definiteness
1119,capacity,pedestrians,,,natu,deform
1120,drawer,pen,,,opium,demand
1121,downwards,personnel,,,offside,dentist
1122,drainage,piddled,,,oeuvre,subcontinent
1123,careful,pills,,,occupying,depressing
1124,zz,pink,,,oracle,dennis
1125,ship,pertaining,,,owl,squirrels
1126,shonas,peta,,,overtly,demos
1127,shorewards,philips,,,overconfident,denied
1128,shrinking,physically,,,outgoing,defence
1129,shelves,paced,,,origins,suggesting
1130,shades,packed,,,organization,debbie
1131,shakespeare,pajamas,,,obsession,decades
1132,shandur,owed,,,nightmare,dean
1133,shaun,outright,,,nicknames,dazzled
1134,shushing,oviedo,,,newborn,spreadsheet
1135,sinuses,overwhelming,,,nerdy,earreading
1136,sixties,patio,,,necessity,squalor
1137,sketch,patie,,,naughty,succumb
1138,skinnyg,patronising,,,nuance,deepika
1139,sincerely,passive,,,nyc,dykes
1140,sickly,par,,,numerous,dysphoria
1141,sig,parked,,,novice,eagles
1142,significantly,parties,,,nothings,decite
1143,simpler,outer,,,norwich,deconstructionist
1144,sexuality,projected,,,nook,tingling
1145,sciatica,promise,,,,weatherman
1146,scorer,prop,,,,aspire
1147,scottish,preservation,,,,assessed
1148,screeching,presentation,,,,wayne
1149,scent,prevented,,,,webmates
1150,satans,property,,,,artifically
1151,savior,puffy,,,,weddings
1152,scar,punjabi,,,,asami
1153,scars,pursuing,,,,ashamed
1154,se,prospects,,,,artefacts
1155,sentence,protests,,,,warsaw
1156,sephora,provided,,,,atticus
1157,sermon,ptpt,,,,attributes
1158,sever,pms,,,,audio
1159,semipro,poet,,,,athelstan
1160,seams,pol,,,,astray
1161,seats,pleasure,,,,athlete
1162,seeds,places,,,,atlantic
1163,selectively,pleas,,,,watchers
1164,slacked,plays,,,,whiff
1165,sprog,precious,,,,wherefore
1166,squirmed,prayer,,,,apothecary
1167,stabbed,predict,,,,whatevers
1168,stages,practically,,,,whims
1169,spotless,porn,,,,antonios
1170,spice,poses,,,,whitleys
1171,spilling,pound,,,,ap
1172,spirited,massively,,,,apendages
1173,spoil,morbid,,,,appriciation
1174,stammer,moshav,,,,armani
1175,stiff,motives,,,,weightless
1176,stimpy,modes,,,,array
1177,stinky,modeling,,,,arrogant
1178,stolen,molineux,,,,apprised
1179,stewing,moulding,,,,approx
1180,stander,muscle,,,,wesleyan
1181,starter,musty,,,,arched
1182,stations,mystif,,,,welshpool
1183,steam,mourn,,,,victorious
1184,spectra,mrdanbaird,,,,barrage
1185,smelling,muck,,,,victories
1186,snapping,mukerji,,,,basics
1187,snicker,melndez,,,,bat
1188,snowpea,mensa,,,,violated
1189,smackdown,meryl,,,,viniagrette
1190,slapped,medically,,,,baritone
1191,slavery,matters,,,,bard
1192,slimmed,meath,,,,vice
1193,slowed,measure,,,,verdict
1194,soar,misgivings,,,,vendor
1195,sorted,miraculously,,,,beefy
1196,sour,missile,,,,befriending
1197,sparkling,minibus,,,,verona
1198,speakership,mexican,,,,baton
1199,soothes,midfield,,,,bayou
1200,sobs,migrate,,,,beaming
1201,sod,outbreak,,,,vertigo
1202,soldie,offending,,,,ban
1203,sometime,offing,,,,vulnerabilities
1204,sardines,olajideolafunmbi,,,,aways
1205,ration,obsession,,,,vomity
1206,ray,obrian,,,,aww
1207,reactions,occupa,,,,walks
1208,reall,olivias,,,,australia
1209,rapid,oral,,,,autobiography
1210,races,organised,,,,avant
1211,rag,orgasmic,,,,wainwright
1212,raids,oncologist,,,,badplaydate
1213,rang,oooh,,,,vitor
1214,rebelliou,openness,,,,ba
1215,reflective,opposed,,,,viral
1216,regarded,neferet,,,,vlog
1217,regional,neglecting,,,,babble
1218,regurgitate,networking,,,,voip
1219,referred,necessities,,,,backgrounds
1220,reception,naman,,,,backs
1221,reclined,nearby,,,,wi
1222,records,natures,,,,additionally
1223,redshank,nosy,,,,adhere
1224,quo,noon,,,,administrator
1225,prospects,numb,,,,admires
1226,protes,noah,,,,activist
1227,proven,newtown,,,,yin
1228,provoking,nickey,,,,yesubais
1229,property,niggles,,,,yell
1230,profession,,,,,adapted
1231,progressing,,,,,wrongfully
1232,promising,,,,,affected
1233,promptly,,,,,advise
1234,psychology,,,,,affordable
1235,puters,,,,,advocacy
1236,qualified,,,,,adopting
1237,quell,,,,,adorns
1238,quieter,,,,,ww
1239,purposely,,,,,wtf
1240,ptsd,,,,,acquired
1241,publishing,,,,,aboard
1242,pulse,,,,,zipline
1243,puppet,,,,,absorption
1244,rejecte,,,,,absurdity
1245,rode,,,,,acquainted
1246,rommel,,,,,1993
1247,roseanne,,,,,aaaaaaand
1248,rounder,,,,,abandon
1249,robert,,,,,zoo
1250,richie,,,,,acheivment
1251,rigorously,,,,,accurately
1252,risked,,,,,youngster
1253,roads,,,,,acker
1254,royally,,,,,acquaint
1255,sage,,,,,zenos
1256,sales,,,,,accepting
1257,sam,,,,,accessory
1258,sandy,,,,,accompaniment
1259,sadder,,,,,africa
1260,rubber,,,,,winked
1261,rukia,,,,,winehouse
1262,rupees,,,,,amud
1263,saba,,,,,analyse
1264,ribs,,,,,willpower
1265,repetition,,,,,wishes
1266,replies,,,,,amateurs
1267,represented,,,,,ambition
1268,reproach,,,,,winters
1269,repay,,,,,annoyingly
1270,relation,,,,,announcing
1271,relevant,,,,,ano
1272,remedial,,,,,ansi
1273,ren,,,,,anticipated
1274,requires,,,,,anderson
1275,retiring,,,,,wildlife
1276,revelry,,,,,anklets
1277,review,,,,,wight
1278,rewriting,,,,,withdraw
1279,resulted,,,,,worker
1280,resist,,,,,workaholic
1281,resolution,,,,,akin
1282,respectful,,,,,alabama
1283,restaurant,,,,,worrys
1284,producer,,,,,aftermath
1285,unwashed,,,,,agenda
1286,upload,,,,,worthlessness
1287,upside,,,,,agreement
1288,urgency,,,,,albeit
1289,urgings,,,,,allocated
1290,unpredictability,,,,,woah
1291,unrealistic,,,,,witnessing
1292,unsatisfied,,,,,witnesed
1293,unspecified,,,,,alise
1294,unnaturally,,,,,alcove
1295,venting,,,,,alexandra
1296,verbalize,,,,,wonderland
1297,via,,,,,veiled
1298,vietnam,,,,,carson
1299,uruk,,,,,tugs
1300,uses,,,,,casing
1301,vale,,,,,tube
1302,vantage,,,,,carriages
1303,veggies,,,,,turnout
1304,vincent,,,,,tunnel
1305,uganda,,,,,tumultuous
1306,umpteenth,,,,,carl
1307,unavoidable,,,,,trialling
1308,uncanny,,,,,trinkets
1309,uncommon,,,,,cellphone
1310,tunes,,,,,central
1311,turnips,,,,,trickery
1312,tweet,,,,,trout
1313,twist,,,,,cathartic
1314,unloving,,,,,troubled
1315,unfairness,,,,,tro
1316,unhappiness,,,,,tripping
1317,unite,,,,,ultralight
1318,unknowns,,,,,cajoled
1319,unconformable,,,,,cabbage
1320,underage,,,,,calli
1321,underlying,,,,,cabernet
1322,undertaken,,,,,bursts
1323,undoubtedly,,,,,uncaring
1324,storage,,,,,buttons
1325,woebegon,,,,,buzzing
1326,wonde,,,,,calming
1327,worldly,,,,,cap
1328,worthington,,,,,capi
1329,wow,,,,,captions
1330,wif,,,,,carapace
1331,willfully,,,,,canoes
1332,winetasting,,,,,tylenol
1333,witch,,,,,campuses
1334,whored,,,,,twins
1335,yoshidas,,,,,candyland
1336,zane,,,,,tornadoes
1337,zero,,,,,cig
1338,zombi,,,,,tory
1339,wreck,,,,,cities
1340,wrenching,,,,,torture
1341,wtf,,,,,towers
1342,wycombe,,,,,tow
1343,yard,,,,,tou
1344,vinegar,,,,,chub
1345,wakeful,,,,,tonite
1346,walks,,,,,toenail
1347,wantd,,,,,cleverly
1348,warming,,,,,climaxed
1349,wars,,,,,tipping
1350,visible,,,,,claimed
1351,vista,,,,,tonigh
1352,voicing,,,,,tomorrows
1353,vulnerability,,,,,claudia
1354,whooped,,,,,tolerated
1355,whatsoever,,,,,charles
1356,whimper,,,,,characteristics
1357,whiskies,,,,,transported
1358,whitney,,,,,transparence
1359,watcher,,,,,chaste
1360,weaker,,,,,cesspool
1361,wearied,,,,,chains
1362,weeping,,,,,treatments
1363,weir,,,,,tremayne
1364,tuitions,,,,,translate
1365,sweeney,,,,,chickie
1366,swings,,,,,childrens
1367,sword,,,,,chimes
1368,symphonies,,,,,chiuv
1369,tabbys,,,,,chic
1370,surprising,,,,,transformations
1371,survives,,,,,cheered
1372,suspected,,,,,chefs
1373,suzannah,,,,,cherish
1374,surgeon,,,,,bleu
1375,taps,,,,,bleating
1376,tastes,,,,,blind
1377,teachable,,,,,blissed
1378,technique,,,,,uploaded
1379,tabloids,,,,,usage
1380,tackling,,,,,bitterness
1381,taint,,,,,blares
1382,talentless,,,,,blamed
1383,tan,,,,,blocking
1384,tuition,,,,,boards
1385,stubborn,,,,,bobs
1386,stuffs,,,,,unw
1387,stupor,,,,,boiling
1388,subjected,,,,,blushes
1389,subpar,,,,,upheaval
1390,straightener,,,,,upbringing
1391,strapped,,,,,blowing
1392,stressor,,,,,bluetooth
1393,strikes,,,,,birthmoms
1394,sur,,,,,van
1395,sundays,,,,,valorized
1396,superhero,,,,,valente
1397,supplement,,,,,benzema
1398,suppress,,,,,beirut
1399,subsiding,,,,,vault
1400,substantially,,,,,belated
1401,successes,,,,,varsities
1402,sucker,,,,,bellmen
1403,sufficient,,,,,utmost
1404,tel,,,,,bikini
1405,traditionally,,,,,bertram
1406,trait,,,,,biostatistics
1407,transform,,,,,utopian
1408,transient,,,,,vacationer
1409,transplant,,,,,uv
1410,toronto,,,,,bevy
1411,tossing,,,,,bg
1412,toughen,,,,,burns
1413,touted,,,,,brooch
1414,telegrams,,,,,undiscovered
1415,trotted,,,,,browns
1416,truely,,,,,bruises
1417,truthfully,,,,,brightens
1418,tubelight,,,,,unfair
1419,trap,,,,,unencumberedness
1420,trav,,,,,uneasy
1421,treasury,,,,,undressing
1422,trees,,,,,undecorating
1423,tribe,,,,,bunny
1424,tony,,,,,bump
1425,thepage,,,,,unconcern
1426,therein,,,,,bun
1427,thigh,,,,,bubbled
1428,thirds,,,,,underlying
1429,tons,,,,,buffs
1430,tempered,,,,,bull
1431,tendency,,,,,breathless
1432,tero,,,,,unpressed
1433,tess,,,,,unpleasantly
1434,thread,,,,,unnecessary
1435,tiphany,,,,,boughs
1436,toby,,,,,breather
1437,tolerable,,,,,bombing
1438,tongue,,,,,bonding
1439,tilt,,,,,unspokenwords
1440,thrilling,,,,,unsavoury
1441,thumps,,,,,braved
1442,tics,,,,,uniform
1443,tightened,,,,,brazen
1444,jog,,,,,ungrateful
1445,jolted,,,,,unfold
1446,josh,,,,,unkempt
1447,journalists,,,,,bowie
1448,judgment,,,,,boxers
1449,jimmys,,,,,uninhabited
1450,janis,,,,,smidgen
1451,jeered,,,,,promises
1452,jessica,,,,,prolonged
1453,jim,,,,,lev
1454,katnisss,,,,,programmed
1455,keepmeinstitchez,,,,,proponents
1456,keyed,,,,,legions
1457,kiddy,,,,,proof
1458,killjoy,,,,,lengths
1459,katja,,,,,lenten
1460,jun,,,,,problematic
1461,kali,,,,,lightsync
1462,karim,,,,,probing
1463,kathumped,,,,,limbed
1464,intac,,,,,lin
1465,intend,,,,,profita
1466,intercourse,,,,,professionals
1467,intermediaries,,,,,lifespan
1468,interpretation,,,,,lifts
1469,insult,,,,,proposals
1470,insect,,,,,pulls
1471,insisted,,,,,publicly
1472,instagram,,,,,psychopathology
1473,instructors,,,,,psycho
1474,irritation,,,,,leftovers
1475,isolate,,,,,laetshi
1476,item,,,,,punk
1477,jacket,,,,,punching
1478,jadi,,,,,langu
1479,irrevocably,,,,,leather
1480,intuition,,,,,protein
1481,invisible,,,,,prosperous
1482,iraqi,,,,,prosecutor
1483,irreparably,,,,,props
1484,lit,,,,,lavender
1485,liza,,,,,ps
1486,loathed,,,,,provoke
1487,locker,,,,,proves
1488,logo,,,,,privacys
1489,listens,,,,,luka
1490,lily,,,,,practised
1491,limitations,,,,,luscious
1492,linked,,,,,lyric
1493,lipbalms,,,,,lovebox
1494,lucille,,,,,lovesongs
1495,lump,,,,,prawn
1496,lunches,,,,,lowlights
1497,lydi,,,,,lsd
1498,machines,,,,,possesses
1499,lucas,,,,,possessing
1500,loose,,,,,males
1501,lotta,,,,,malmesbury
1502,lovein,,,,,poseur
1503,loyalists,,,,,macleans
1504,lacklustre,,,,,mae
1505,lamented,,,,,magnifying
1506,landor,,,,,potion
1507,largest,,,,,predicated
1508,lateral,,,,,prideful
1509,labyrinth,,,,,prettiest
1510,km,,,,,load
1511,knocking,,,,,locate
1512,kristie,,,,,predict
1513,labelled,,,,,lining
1514,len,,,,,lip
1515,lesbian,,,,,liqueur
1516,letdown,,,,,liste
1517,levi,,,,,losos
1518,lifes,,,,,prejudging
1519,lemme,,,,,preferred
1520,layer,,,,,louboutins
1521,lean,,,,,lous
1522,lec,,,,,loft
1523,leibnitz,,,,,loitering
1524,grow,,,,,presentational
1525,guarantee,,,,,prepping
1526,guild,,,,,ladder
1527,gust,,,,,ivory
1528,haggle,,,,,ravioli
1529,groupie,,,,,jake
1530,griefs,,,,,jamiat
1531,grin,,,,,ish
1532,grits,,,,,reacted
1533,groundless,,,,,isobelmeg
1534,harness,,,,,reaches
1535,hauled,,,,,itchy
1536,havet,,,,,jews
1537,headmaster,,,,,jets
1538,heartbeat,,,,,ranch
1539,harmful,,,,,ranaut
1540,hammered,,,,,rampant
1541,handove,,,,,japan
1542,happenings,,,,,javascript
1543,harden,,,,,jealous
1544,gfb,,,,,jen
1545,giddy,,,,,isaac
1546,gina,,,,,interce
1547,glamorous,,,,,interminable
1548,glenn,,,,,reassures
1549,gertrude,,,,,reasonably
1550,gazed,,,,,irritation
1551,generated,,,,,insults
1552,genuflecting,,,,,intellect
1553,germany,,,,,intend
1554,goo,,,,,receives
1555,governor,,,,,reactor
1556,graces,,,,,iq
1557,grandma,,,,,reactions
1558,grave,,,,,irresistable
1559,golden,,,,,irritated
1560,glorney,,,,,intro
1561,glu,,,,,introverted
1562,goat,,,,,inventory
1563,goer,,,,,realising
1564,ie,,,,,jogless
1565,illustrated,,,,,kin
1566,immigration,,,,,quaker
1567,imperfection,,,,,qaf
1568,inadequacie,,,,,puzzled
1569,idle,,,,,john
1570,hunger,,,,,quickened
1571,hurtled,,,,,keys
1572,hypothermia,,,,,quell
1573,icy,,,,,queen
1574,indigestion,,,,,purples
1575,ineffective,,,,,kubricks
1576,inferiority,,,,,laban
1577,infp,,,,,lace
1578,inhalers,,,,,pure
1579,indide,,,,,km
1580,inclination,,,,,knit
1581,incompetent,,,,,pursuit
1582,increases,,,,,kome
1583,india,,,,,quieter
1584,hesitation,,,,,rage
1585,hideakis,,,,,jrpgs
1586,hillary,,,,,judeo
1587,hindsight,,,,,judges
1588,hipster,,,,,journaling
1589,hersel,,,,,ralf
1590,heimbuch,,,,,joked
1591,henri,,,,,raini
1592,hercules,,,,,josh
1593,heroic,,,,,kansas
1594,hobble,,,,,kardashion
1595,horror,,,,,juicy
1596,hotels,,,,,quo
1597,huda,,,,,kangna
1598,humane,,,,,radar
1599,homeschool,,,,,junior
1600,hollow,,,,,justified
1601,homeschooled,,,,,kaddish
1602,hone,,,,,recognized
1603,hops,,,,,nesting
1604,paranoia,,,,,neun
1605,parking,,,,,neville
1606,partaking,,,,,newcomers
1607,passers,,,,,neighbo
1608,pasts,,,,,negatively
1609,ownership,,,,,neighbor
1610,padlock,,,,,nellie
1611,painted,,,,,nepali
1612,pakistan,,,,,paranoid
1613,panel,,,,,nonconformists
1614,pending,,,,,passages
1615,penyeri,,,,,nordstroms
1616,perceptive,,,,,paratroopers
1617,perks,,,,,partys
1618,perplexed,,,,,nigga
1619,patriotism,,,,,nini
1620,pause,,,,,partaking
1621,peach,,,,,papermakeupstamps
1622,pee,,,,,musing
1623,peeta,,,,,mxm
1624,oily,,,,,mythical
1625,omission,,,,,pen
1626,oozing,,,,,murakami
1627,opted,,,,,mums
1628,ordered,,,,,mural
1629,observation,,,,,murray
1630,occidental,,,,,muse
1631,occuring,,,,,peak
1632,offending,,,,,navy
1633,offing,,,,,named
1634,overdoing,,,,,nearness
1635,overeat,,,,,peanuts
1636,overload,,,,,namely
1637,overreacting,,,,,nao
1638,overwhelms,,,,,peasy
1639,originality,,,,,nation
1640,oscillating,,,,,pose
1641,outfitters,,,,,ontology
1642,outrageously,,,,,overcomes
1643,outsides,,,,,operate
1644,posters,,,,,outta
1645,potty,,,,,overs
1646,powde,,,,,overtake
1647,pr,,,,,overrated
1648,prawns,,,,,overhear
1649,poisonous,,,,,overflowed
1650,polite,,,,,organising
1651,polytechnic,,,,,orgy
1652,population,,,,,outstretched
1653,positions,,,,,orthodox
1654,prettier,,,,,organisation
1655,prey,,,,,outsider
1656,prided,,,,,outright
1657,printing,,,,,ora
1658,processed,,,,,outlandish
1659,preakness,,,,,panting
1660,predictions,,,,,nudge
1661,premature,,,,,nun
1662,prepares,,,,,nurtured
1663,pressing,,,,,nutshell
1664,phoebe,,,,,pampered
1665,photoshoot,,,,,pandora
1666,pictured,,,,,pam
1667,pilfered,,,,,pallid
1668,pimple,,,,,palcebowhores
1669,personalities,,,,,occupied
1670,perspiring,,,,,oyyy
1671,peruse,,,,,paella
1672,pessimistic,,,,,offered
1673,phase,,,,,occassionally
1674,pleaded,,,,,paddington
1675,plodding,,,,,obligations
1676,plunge,,,,,observer
1677,poaching,,,,,obvi
1678,poggy,,,,,mujhe
1679,pins,,,,,plug
1680,pitifu,,,,,meditated
1681,placed,,,,,meetings
1682,plant,,,,,melodies
1683,players,,,,,pockets
1684,merican,,,,,mcintyre
1685,messianic,,,,,pocketbooks
1686,methuen,,,,,pms
1687,michael,,,,,measurements
1688,mid,,,,,mermaidhaire
1689,medication,,,,,placed
1690,meekly,,,,,memo
1691,melod,,,,,pitch
1692,memorial,,,,,merida
1693,mentioning,,,,,memoirs
1694,mishandling,,,,,menopause
1695,mississippi,,,,,mentel
1696,misunderstanding,,,,,merasa
1697,moated,,,,,mujahedin
1698,moe,,,,,marginally
1699,mien,,,,,marinade
1700,military,,,,,popping
1701,mindless,,,,,mart
1702,miniature,,,,,manged
1703,miracle,,,,,mandarin
1704,managers,,,,,portugal
1705,manhandled,,,,,mansion
1706,manifesting,,,,,portia
1707,manners,,,,,pokes
1708,marbles,,,,,mathematics
1709,maggovertski,,,,,martinez
1710,magnate,,,,,maximise
1711,maine,,,,,materialistic
1712,makeover,,,,,pompoms
1713,malaysia,,,,,pomegranate
1714,maths,,,,,politici
1715,maury,,,,,mat
1716,mazawattee,,,,,pistol
1717,mcslackerson,,,,,moonlighting
1718,measurement,,,,,morals
1719,marlowe,,,,,pettigrew
1720,martin,,,,,morrow
1721,maschke,,,,,mona
1722,masterpiece,,,,,momentum
1723,mate,,,,,monarchs
1724,ni,,,,,philips
1725,nicola,,,,,monsters
1726,nighters,,,,,permeates
1727,niko,,,,,moxie
1728,nitch,,,,,pesach
1729,negate,,,,,performances
1730,neighborhoods,,,,,permitting
1731,nephew,,,,,perusal
1732,neurotic,,,,,motivators
1733,newlands,,,,,mounds
1734,nuances,,,,,mounts
1735,numbers,,,,,moisturising
1736,ny,,,,,pines
1737,obbie,,,,,minimum
1738,obligation,,,,,pills
1739,noises,,,,,mir
1740,nonexistence,,,,,mimic
1741,norfolk,,,,,midwifery
1742,notcied,,,,,pipsqueak
1743,notion,,,,,milk
1744,moreso,,,,,miracles
1745,mortality,,,,,phyica
1746,motel,,,,,mobileclass
1747,mountains,,,,,photographer
1748,moustache,,,,,module
1749,moisturized,,,,,physiology
1750,mona,,,,,mischief
1751,mongering,,,,,misled
1752,mooching,,,,,picky
1753,moping,,,,,pic
1754,mysteries,,,,,follicles
1755,nam,,,,,foils
1756,nasal,,,,,server
1757,nauseated,,,,,serene
1758,needin,,,,,fooled
1759,mrt,,,,,flocked
1760,muck,,,,,flop
1761,mutual,,,,,flushed
1762,museli,,,,,shade
1763,12,,,,,sepang
1764,,,,,,selective
1765,,,,,,seizure
1766,,,,,,fought
1767,,,,,,foundry
1768,,,,,,seminar
1769,,,,,,forces
1770,,,,,,forefront
1771,,,,,,foreshadowing
1772,,,,,,forgiveness
1773,,,,,,finn
1774,,,,,,shhhhhhh
1775,,,,,,finnerty
1776,,,,,,firefly
1777,,,,,,firs
1778,,,,,,fields
1779,,,,,,fifth
1780,,,,,,filmic
1781,,,,,,shops
1782,,,,,,shedding
1783,,,,,,flats
1784,,,,,,flavours
1785,,,,,,shamble
1786,,,,,,shakiness
1787,,,,,,flashed
1788,,,,,,shawl
1789,,,,,,fiv
1790,,,,,,fl
1791,,,,,,sharia
1792,,,,,,generating
1793,,,,,,genelia
1794,,,,,,scattering
1795,,,,,,genetices
1796,,,,,,scan
1797,,,,,,gaping
1798,,,,,,garmin
1799,,,,,,ged
1800,,,,,,gaze
1801,,,,,,scampering
1802,,,,,,sauntered
1803,,,,,,giggle
1804,,,,,,gimmicks
1805,,,,,,satan
1806,,,,,,ghost
1807,,,,,,geography
1808,,,,,,savouring
1809,,,,,,gestating
1810,,,,,,savings
1811,,,,,,frisky
1812,,,,,,scripture
1813,,,,,,frizz
1814,,,,,,fron
1815,,,,,,frumpy
1816,,,,,,franc
1817,,,,,,freakishly
1818,,,,,,freshman
1819,,,,,,seafood
1820,,,,,,screenwriters
1821,,,,,,scr
1822,,,,,,scouts
1823,,,,,,scored
1824,,,,,,galvanised
1825,,,,,,funky
1826,,,,,,fuckin
1827,,,,,,screamed
1828,,,,,,fullest
1829,,,,,,fundamental
1830,,,,,,smoother
1831,,,,,,evolving
1832,,,,,,examined
1833,,,,,,exceedingly
1834,,,,,,smoked
1835,,,,,,snowman
1836,,,,,,snippets
1837,,,,,,evictions
1838,,,,,,snatch
1839,,,,,,exceptional
1840,,,,,,exhilarating
1841,,,,,,existing
1842,,,,,,slough
1843,,,,,,slopes
1844,,,,,,exhibitions
1845,,,,,,smelt
1846,,,,,,smartest
1847,,,,,,slung
1848,,,,,,slumber
1849,,,,,,entrenchedly
1850,,,,,,entirety
1851,,,,,,soley
1852,,,,,,solely
1853,,,,,,sojourn
1854,,,,,,enjorlas
1855,,,,,,enlightening
1856,,,,,,solvers
1857,,,,,,ensure
1858,,,,,,ep
1859,,,,,,estimate
1860,,,,,,ethan
1861,,,,,,euan
1862,,,,,,euro
1863,,,,,,establish
1864,,,,,,equilibrium
1865,,,,,,eras
1866,,,,,,erupt
1867,,,,,,socialise
1868,,,,,,favor
1869,,,,,,fathom
1870,,,,,,sights
1871,,,,,,fearful
1872,,,,,,feather
1873,,,,,,sincerely
1874,,,,,,sims
1875,,,,,,silvery
1876,,,,,,farther
1877,,,,,,features
1878,,,,,,feminine
1879,,,,,,fergie
1880,,,,,,feta
1881,,,,,,ffviii
1882,,,,,,fells
1883,,,,,,fedex
1884,,,,,,shunned
1885,,,,,,feelbut
1886,,,,,,showers
1887,,,,,,slacked
1888,,,,,,slam
1889,,,,,,extends
1890,,,,,,skype
1891,,,,,,extroverts
1892,,,,,,slighted
1893,,,,,,slicing
1894,,,,,,sleeves
1895,,,,,,exploration
1896,,,,,,eyebr
1897,,,,,,fade
1898,,,,,,sits
1899,,,,,,sipping
1900,,,,,,faking
1901,,,,,,facsimilogos
1902,,,,,,eyelid
1903,,,,,,skincare
1904,,,,,,fabrics
1905,,,,,,sketc
1906,,,,,,repertoire
1907,,,,,,humiliated
1908,,,,,,humanity
1909,,,,,,hump
1910,,,,,,repetition
1911,,,,,,repressed
1912,,,,,,repress
1913,,,,,,reporting
1914,,,,,,replies
1915,,,,,,hunkers
1916,,,,,,idealized
1917,,,,,,identifying
1918,,,,,,idyllic
1919,,,,,,igno
1920,,,,,,icky
1921,,,,,,renewed
1922,,,,,,husbands
1923,,,,,,hype
1924,,,,,,remembers
1925,,,,,,hockey
1926,,,,,,restlessness
1927,,,,,,hobby
1928,,,,,,hollows
1929,,,,,,hobnob
1930,,,,,,resulted
1931,,,,,,hips
1932,,,,,,restraints
1933,,,,,,ho
1934,,,,,,homeland
1935,,,,,,hopelessly
1936,,,,,,hops
1937,,,,,,requirement
1938,,,,,,hostage
1939,,,,,,hooted
1940,,,,,,homepage
1941,,,,,,homophobic
1942,,,,,,hong
1943,,,,,,hooked
1944,,,,,,infantry
1945,,,,,,refill
1946,,,,,,inevitable
1947,,,,,,reduced
1948,,,,,,infant
1949,,,,,,incrementally
1950,,,,,,refugees
1951,,,,,,individuality
1952,,,,,,reflex
1953,,,,,,inhaler
1954,,,,,,insider
1955,,,,,,insist
1956,,,,,,inspirations
1957,,,,,,recovered
1958,,,,,,insanity
1959,,,,,,injuring
1960,,,,,,inn
1961,,,,,,innovative
1962,,,,,,ins
1963,,,,,,imitates
1964,,,,,,rekindled
1965,,,,,,relaying
1966,,,,,,imping
1967,,,,,,iming
1968,,,,,,il
1969,,,,,,illness
1970,,,,,,relieving
1971,,,,,,releasing
1972,,,,,,rejoyced
1973,,,,,,incase
1974,,,,,,regretful
1975,,,,,,inclusive
1976,,,,,,inconvenienced
1977,,,,,,inapporpriate
1978,,,,,,reinforcement
1979,,,,,,reigns
1980,,,,,,impulsive
1981,,,,,,inadequacies
1982,,,,,,greetings
1983,,,,,,grievance
1984,,,,,,greenock
1985,,,,,,rouge
1986,,,,,,rowing
1987,,,,,,graphic
1988,,,,,,rudley
1989,,,,,,gravity
1990,,,,,,rub
1991,,,,,,rostrum
1992,,,,,,gun
1993,,,,,,gunther
1994,,,,,,roethisberger
1995,,,,,,gyp
1996,,,,,,roling
1997,,,,,,ros
1998,,,,,,rooted
1999,,,,,,guessed
2000,,,,,,gui
2001,,,,,,glossy
2002,,,,,,glycemic
2003,,,,,,glory
2004,,,,,,sailing
2005,,,,,,glossed
2006,,,,,,sangria
2007,,,,,,glanced
2008,,,,,,glaring
2009,,,,,,gleefully
2010,,,,,,goliath
2011,,,,,,russia
2012,,,,,,rupees
2013,,,,,,grain
2014,,,,,,grandiosely
2015,,,,,,rustie
2016,,,,,,sacrifice
2017,,,,,,gorengs
2018,,,,,,gospel
2019,,,,,,govern
2020,,,,,,heartbreak
2021,,,,,,heathen
2022,,,,,,heartbeat
2023,,,,,,heeled
2024,,,,,,heartbeats
2025,,,,,,hawaii
2026,,,,,,ridiculed
2027,,,,,,healey
2028,,,,,,healthier
2029,,,,,,heighten
2030,,,,,,reusable
2031,,,,,,returns
2032,,,,,,hideous
2033,,,,,,retains
2034,,,,,,hermit
2035,,,,,,hello
2036,,,,,,helplessly
2037,,,,,,henypire
2038,,,,,,revealthestaryoutrulyare
2039,,,,,,hamster
2040,,,,,,handed
2041,,,,,,hapiness
2042,,,,,,roam
2043,,,,,,hamper
2044,,,,,,rocking
2045,,,,,,rocket
2046,,,,,,hakodesh
2047,,,,,,hallmark
2048,,,,,,haul
2049,,,,,,harrowing
2050,,,,,,harvey
2051,,,,,,rightness
2052,,,,,,rightly
2053,,,,,,hardships
2054,,,,,,happiest
2055,,,,,,haptic
2056,,,,,,rings
2057,,,,,,laiya
